,id,type,weightedAfinnScore
0,0sad,sad,-2.0
1,1sad,sad,-1.070175438596491
2,2sad,sad,0.042857142857142816
3,3sad,sad,-1.3214285714285714
4,4sad,sad,-1.3333333333333333
5,5sad,sad,-0.553030303030303
6,6sad,sad,5.6
7,7sad,sad,7.166666666666666
8,9sad,sad,-1.8111111111111104
9,10sad,sad,-4.647619047619047
10,11sad,sad,-3.416666666666667
11,12sad,sad,-2.5
12,13sad,sad,-1.6666666666666667
13,14sad,sad,0.5
14,15sad,sad,-2.3333333333333335
15,16sad,sad,0.6345029239766082
16,17sad,sad,-2.5512820512820507
17,18sad,sad,-0.477124183006536
18,19sad,sad,-1.0
19,20sad,sad,1.2666666666666666
20,21sad,sad,-2.523391812865497
21,22sad,sad,-11.416666666666666
22,23sad,sad,-2.8999999999999995
23,24sad,sad,-1.6987179487179487
24,25sad,sad,-0.2352941176470591
25,26sad,sad,-0.8833333333333337
26,27sad,sad,-1.6153846153846154
27,28sad,sad,2.9803921568627447
28,29sad,sad,-0.7636363636363637
29,30sad,sad,-0.45454545454545436
30,31sad,sad,-0.24064171122994643
31,32sad,sad,0.6900584795321639
32,33sad,sad,-1.5151515151515154
33,34sad,sad,-0.7999999999999999
34,35sad,sad,1.590909090909091
35,36sad,sad,-1.4545454545454546
36,37sad,sad,0.0
37,38sad,sad,-3.6343873517786562
38,39sad,sad,-3.2857142857142856
39,40sad,sad,2.5146198830409356
40,41sad,sad,-1.9065934065934067
41,42sad,sad,-1.0441176470588236
42,43sad,sad,-0.7967479674796747
43,44sad,sad,-2.757575757575758
44,45sad,sad,2.75
45,46sad,sad,1.0631578947368423
46,48sad,sad,-0.033333333333333326
47,49sad,sad,0.7555555555555555
48,50sad,sad,-1.675
49,51sad,sad,-2.8380952380952382
50,52sad,sad,-4.916666666666666
51,53sad,sad,-0.39393939393939414
52,54sad,sad,-1.0833333333333333
53,55sad,sad,1.476190476190476
54,56sad,sad,-0.8477498538866161
55,57sad,sad,-1.8676470588235297
56,58sad,sad,1.5670289855072463
57,59sad,sad,6.333333333333333
58,60sad,sad,-0.6428571428571427
59,61sad,sad,-4.514285714285714
60,62sad,sad,-1.1805555555555554
61,63sad,sad,-2.5952380952380953
62,64sad,sad,-5.360526315789475
63,65sad,sad,-6.666666666666666
64,66sad,sad,-0.3222222222222222
65,67sad,sad,0.27916666666666684
66,68sad,sad,0.9047619047619043
67,69sad,sad,1.5384615384615383
68,70sad,sad,-4.285714285714286
69,71sad,sad,0.0892857142857143
70,72sad,sad,-0.15526315789473688
71,73sad,sad,-5.7142857142857135
72,74sad,sad,-3.9007352941176476
73,75sad,sad,0.9293478260869565
74,77sad,sad,-3.6545454545454543
75,78sad,sad,-3.3333333333333335
76,79sad,sad,-0.13492063492063489
77,80sad,sad,-0.44444444444444453
78,81sad,sad,-2.6666666666666665
79,82sad,sad,-2.0784313725490198
80,83sad,sad,-2.871212121212121
81,84sad,sad,-2.7888888888888888
82,85sad,sad,3.9666666666666663
83,86sad,sad,-0.8055555555555556
84,87sad,sad,-4.0
85,88sad,sad,-1.9799999999999998
86,89sad,sad,0.47619047619047616
87,90sad,sad,-1.0694444444444444
88,91sad,sad,-2.261029411764706
89,92sad,sad,-1.2125435540069687
90,93sad,sad,-0.021157801939465176
91,94sad,sad,-1.45
92,95sad,sad,-1.3941532258064515
93,96sad,sad,1.050769230769231
94,97sad,sad,1.2026143790849675
95,98sad,sad,-0.6590909090909092
96,99sad,sad,-0.20000000000000018
97,100sad,sad,1.1111111111111112
98,102sad,sad,0.5222222222222223
99,103sad,sad,-0.30000000000000004
100,104sad,sad,-1.719298245614035
101,105sad,sad,0.5
102,106sad,sad,0.4285714285714286
103,107sad,sad,-1.2748538011695905
104,108sad,sad,-1.8214285714285712
105,109sad,sad,-17.5
106,110sad,sad,-2.95
107,111sad,sad,-1.8846153846153844
108,112sad,sad,-0.21376811594202905
109,113sad,sad,-0.08366935483870969
110,114sad,sad,-1.6749999999999994
111,115sad,sad,-4.0
112,116sad,sad,-24.0
113,117sad,sad,3.3545454545454545
114,118sad,sad,0.42857142857142844
115,119sad,sad,2.0
116,120sad,sad,-0.7555555555555554
117,121sad,sad,-0.9292307692307693
118,122sad,sad,2.0
119,123sad,sad,-0.7619047619047621
120,124sad,sad,0.11904761904761896
121,125sad,sad,-0.08791208791208804
122,126sad,sad,-0.5
123,127sad,sad,-0.17320261437908457
124,128sad,sad,-0.46667999466879906
125,129sad,sad,0.18073273070316243
126,130sad,sad,-1.9507692307692308
127,131sad,sad,0.33564261825131403
128,132sad,sad,0.0
129,133sad,sad,-1.7985739750445635
130,134sad,sad,-0.06666666666666665
131,135sad,sad,-2.589743589743589
132,136sad,sad,-11.0
133,137sad,sad,1.0476190476190474
134,138sad,sad,-0.3758169934640524
135,139sad,sad,-2.0430769230769226
136,140sad,sad,-1.1636363636363636
137,141sad,sad,-4.083333333333333
138,142sad,sad,-2.2857142857142856
139,143sad,sad,-6.166666666666666
140,144sad,sad,1.4551282051282053
141,145sad,sad,-2.401098901098901
142,146sad,sad,-0.2007389162561576
143,147sad,sad,1.0
144,148sad,sad,-3.4285714285714284
145,149sad,sad,0.8363636363636364
146,150sad,sad,-0.4198606271777003
147,151sad,sad,0.9175824175824177
148,152sad,sad,-0.186147186147186
149,153sad,sad,-2.387464387464387
150,154sad,sad,0.0
151,155sad,sad,-1.1428571428571426
152,156sad,sad,1.5
153,157sad,sad,-0.5183823529411765
154,158sad,sad,-2.1666666666666665
155,159sad,sad,-3.25
156,160sad,sad,0.4333333333333327
157,161sad,sad,-1.1794871794871795
158,162sad,sad,0.0
159,163sad,sad,-2.103265306122449
160,164sad,sad,-1.1590909090909092
161,165sad,sad,-1.2333333333333334
162,166sad,sad,-4.8455149501661126
163,167sad,sad,2.133333333333333
164,168sad,sad,-0.27472527472527436
165,169sad,sad,-2.87719298245614
166,170sad,sad,-3.333333333333333
167,172sad,sad,1.0
168,173sad,sad,-1.1098039215686275
169,174sad,sad,-2.8802177858439206
170,175sad,sad,-0.736263736263736
171,176sad,sad,-5.763888888888889
172,177sad,sad,-1.8272727272727272
173,178sad,sad,-11.0
174,179sad,sad,2.736111111111111
175,180sad,sad,-2.119047619047619
176,181sad,sad,-3.0000000000000004
177,182sad,sad,0.1970779220779223
178,183sad,sad,-1.633064516129032
179,184sad,sad,-0.709090909090909
180,185sad,sad,-4.290909090909091
181,186sad,sad,-0.3333333333333333
182,187sad,sad,0.709280303030303
183,188sad,sad,-2.716666666666667
184,189sad,sad,-2.416666666666667
185,190sad,sad,-1.041501976284585
186,191sad,sad,-4.047430830039525
187,192sad,sad,-0.4315789473684207
188,193sad,sad,-0.1502177068214805
189,194sad,sad,-0.7142857142857142
190,195sad,sad,0.31521739130434817
191,196sad,sad,1.375
192,197sad,sad,-0.22222222222222232
193,198sad,sad,-2.046153846153846
194,199sad,sad,-0.57
195,200sad,sad,3.7142857142857135
196,201sad,sad,-4.285714285714286
197,202sad,sad,-1.4333333333333333
198,203sad,sad,-1.443722943722944
199,204sad,sad,-0.6000000000000002
200,205sad,sad,3.7636363636363637
201,206sad,sad,-0.5544267053701017
202,207sad,sad,3.3333333333333335
203,208sad,sad,0.857142857142857
204,209sad,sad,-2.1184210526315788
205,210sad,sad,-14.0
206,211sad,sad,-1.1858842370167004
207,212sad,sad,-0.4972047519217331
208,213sad,sad,-0.36263736263736246
209,214sad,sad,-1.2142857142857144
210,215sad,sad,-2.138888888888889
211,216sad,sad,-0.7658730158730158
212,217sad,sad,0.30000000000000004
213,218sad,sad,-1.8571428571428572
214,219sad,sad,-2.1815114709851553
215,220sad,sad,-2.753623188405796
216,221sad,sad,-0.7309941520467838
217,222sad,sad,-1.7111111111111108
218,223sad,sad,1.476190476190476
219,224sad,sad,-0.8476190476190477
220,225sad,sad,1.75
221,226sad,sad,2.3333333333333335
222,227sad,sad,1.409090909090909
223,228sad,sad,-0.7604355716878403
224,229sad,sad,0.3095238095238093
225,230sad,sad,0.875
226,231sad,sad,0.9843304843304844
227,232sad,sad,3.7111111111111112
228,233sad,sad,-0.11538461538461531
229,234sad,sad,0.07692307692307715
230,235sad,sad,-4.219696969696969
231,236sad,sad,0.07692307692307693
232,237sad,sad,-1.3298097251585628
233,238sad,sad,-7.416666666666666
234,239sad,sad,2.0666666666666664
235,240sad,sad,-1.8611111111111107
236,241sad,sad,-0.09999999999999987
237,242sad,sad,-0.5454545454545453
238,243sad,sad,-2.9349999999999996
239,244sad,sad,-3.708791208791209
240,245sad,sad,-1.5380952380952386
241,246sad,sad,0.0
242,247sad,sad,-1.8190476190476192
243,248sad,sad,0.2678571428571428
244,249sad,sad,0.4835164835164835
245,250sad,sad,-2.65015015015015
246,251sad,sad,2.4718614718614718
247,252sad,sad,3.223684210526316
248,253sad,sad,-2.817028985507246
249,254sad,sad,-1.8347578347578346
250,255sad,sad,-3.2361111111111116
251,256sad,sad,-1.2977941176470589
252,257sad,sad,-0.0714285714285714
253,258sad,sad,-0.7111111111111111
254,259sad,sad,-1.3333333333333333
255,260sad,sad,0.38888888888888895
256,261sad,sad,0.9454545454545455
257,262sad,sad,-1.4322660098522164
258,263sad,sad,-2.785714285714285
259,264sad,sad,-0.23333333333333328
260,265sad,sad,-7.0
261,266sad,sad,0.2955102040816326
262,267sad,sad,0.14285714285714285
263,268sad,sad,-1.4444444444444446
264,269sad,sad,0.9869281045751637
265,270sad,sad,-3.5571428571428574
266,271sad,sad,1.3555555555555554
267,272sad,sad,0.6636363636363636
268,273sad,sad,5.733333333333333
269,274sad,sad,-4.357142857142856
270,275sad,sad,-3.5620915032679736
271,0happy,happy,2.571428571428571
272,1happy,happy,1.5
273,2happy,happy,4.8
274,3happy,happy,-1.0
275,4happy,happy,0.20833333333333315
276,5happy,happy,0.4111111111111111
277,6happy,happy,-0.3666666666666667
278,7happy,happy,5.0
279,8happy,happy,-1.6545454545454548
280,9happy,happy,3.0
281,10happy,happy,-3.0
282,11happy,happy,17.5
283,12happy,happy,-0.2857142857142857
284,13happy,happy,-6.0
285,14happy,happy,5.0
286,15happy,happy,3.811111111111111
287,16happy,happy,4.05
288,17happy,happy,1.0437710437710441
289,18happy,happy,1.526153846153846
290,19happy,happy,1.9027777777777777
291,20happy,happy,2.121212121212121
292,21happy,happy,2.4666666666666663
293,22happy,happy,0.6523809523809525
294,23happy,happy,0.12132352941176461
295,24happy,happy,0.11839323467230434
296,25happy,happy,0.43722943722943725
297,26happy,happy,-0.03333333333333344
298,27happy,happy,0.9464285714285714
299,28happy,happy,0.8351648351648352
300,29happy,happy,3.6
301,30happy,happy,2.99810606060606
302,31happy,happy,0.6731601731601732
303,32happy,happy,1.7142857142857142
304,33happy,happy,0.0
305,34happy,happy,5.5
306,35happy,happy,1.4000000000000001
307,36happy,happy,3.560606060606061
308,37happy,happy,-0.2499999999999999
309,38happy,happy,5.213414634146341
310,39happy,happy,4.990909090909091
311,40happy,happy,0.0
312,41happy,happy,3.261904761904762
313,42happy,happy,1.0
314,43happy,happy,1.9047619047619047
315,44happy,happy,3.50735294117647
316,45happy,happy,1.0
317,46happy,happy,-0.020485107452557515
318,47happy,happy,0.6625
319,48happy,happy,1.903846153846154
320,49happy,happy,0.5342105263157894
321,50happy,happy,2.128623188405797
322,51happy,happy,-3.4090909090909096
323,52happy,happy,0.6605263157894739
324,53happy,happy,0.33333333333333337
325,54happy,happy,1.0714285714285714
326,55happy,happy,1.9166666666666665
327,56happy,happy,17.0
328,57happy,happy,1.1666666666666665
329,58happy,happy,1.4666666666666668
330,59happy,happy,1.0791666666666666
331,60happy,happy,1.4675324675324675
332,61happy,happy,0.5
333,62happy,happy,0.4888888888888889
334,63happy,happy,1.4405797101449276
335,64happy,happy,0.8064102564102564
336,65happy,happy,0.9552845528455285
337,66happy,happy,17.0
338,67happy,happy,-2.333333333333333
339,68happy,happy,1.6
340,69happy,happy,0.9642857142857142
341,70happy,happy,1.55
342,71happy,happy,3.0882352941176476
343,72happy,happy,-0.047619047619047575
344,73happy,happy,-0.15490533562822717
345,74happy,happy,5.566666666666666
346,75happy,happy,6.333333333333333
347,76happy,happy,3.1474358974358974
348,77happy,happy,2.2444444444444445
349,78happy,happy,0.6310541310541311
350,79happy,happy,3.2272727272727275
351,80happy,happy,-1.7792207792207793
352,81happy,happy,-0.07712765957446804
353,82happy,happy,2.05
354,83happy,happy,2.6000000000000005
355,84happy,happy,0.2800105764145954
356,85happy,happy,2.8758169934640523
357,86happy,happy,1.9861111111111112
358,87happy,happy,3.0326086956521734
359,88happy,happy,2.5952380952380953
360,89happy,happy,10.9
361,90happy,happy,0.0763616557734205
362,91happy,happy,2.3000000000000003
363,92happy,happy,-0.09848484848484851
364,93happy,happy,-1.4183303085299455
365,94happy,happy,0.32859848484848486
366,95happy,happy,1.8256410256410254
367,96happy,happy,2.052020202020202
368,97happy,happy,5.946428571428571
369,98happy,happy,3.5535714285714284
370,99happy,happy,1.3558201058201056
371,100happy,happy,0.3333333333333333
372,101happy,happy,4.904761904761904
373,102happy,happy,-1.3257575757575757
374,103happy,happy,-1.1397058823529411
375,104happy,happy,0.7256728778467909
376,105happy,happy,23.0
377,106happy,happy,3.9926470588235294
378,107happy,happy,13.0
379,108happy,happy,0.0
380,109happy,happy,-0.502923976608187
381,110happy,happy,1.25
382,111happy,happy,0.5046457607433217
383,112happy,happy,4.642857142857142
384,113happy,happy,-0.7999999999999999
385,114happy,happy,0.6666666666666666
386,115happy,happy,1.666666666666667
387,116happy,happy,1.3333333333333333
388,117happy,happy,5.096153846153846
389,118happy,happy,3.344444444444444
390,119happy,happy,0.3666666666666666
391,120happy,happy,0.3088235294117646
392,121happy,happy,2.583333333333333
393,122happy,happy,0.9342105263157894
394,123happy,happy,1.2777777777777777
395,124happy,happy,-2.3777777777777773
396,125happy,happy,5.0
397,126happy,happy,0.5333333333333334
398,127happy,happy,1.5
399,128happy,happy,3.600806451612903
400,129happy,happy,0.7318181818181819
401,130happy,happy,-0.13842105263157897
402,131happy,happy,2.6969696969696972
403,132happy,happy,1.489010989010989
404,133happy,happy,0.40714285714285725
405,134happy,happy,1.737179487179487
406,135happy,happy,0.48366013071895425
407,136happy,happy,3.0892857142857144
408,137happy,happy,2.35
409,138happy,happy,1.107843137254902
410,139happy,happy,0.4928774928774929
411,140happy,happy,30.0
412,141happy,happy,1.4600000000000002
413,142happy,happy,1.7361111111111112
414,143happy,happy,3.2333333333333334
415,144happy,happy,5.053571428571429
416,145happy,happy,0.19999999999999996
417,146happy,happy,2.2912087912087915
418,147happy,happy,1.7888888888888888
419,148happy,happy,5.15
420,149happy,happy,0.15151515151515127
421,150happy,happy,2.0047619047619047
422,151happy,happy,-0.3749999999999998
423,152happy,happy,0.27419354838709675
424,153happy,happy,-1.0753846153846154
425,154happy,happy,2.651515151515152
426,155happy,happy,1.8083333333333333
427,156happy,happy,1.6181818181818182
428,157happy,happy,2.0
429,158happy,happy,2.0
430,159happy,happy,0.5714285714285714
431,160happy,happy,2.9310344827586206
432,161happy,happy,4.642857142857142
433,162happy,happy,0.9090909090909092
434,163happy,happy,0.5535714285714286
435,164happy,happy,6.978021978021978
436,165happy,happy,1.8687572590011616
437,166happy,happy,-1.2916666666666667
438,167happy,happy,1.357142857142857
439,168happy,happy,1.153846153846154
440,169happy,happy,0.3333333333333333
441,170happy,happy,-6.0
442,171happy,happy,-1.5
443,172happy,happy,0.7761904761904763
444,173happy,happy,-0.15555555555555556
445,174happy,happy,7.533333333333333
446,175happy,happy,2.058479532163743
447,176happy,happy,-0.3333333333333333
448,177happy,happy,2.6764705882352935
449,178happy,happy,1.3333333333333335
450,179happy,happy,3.533333333333333
451,180happy,happy,13.144444444444444
452,181happy,happy,1.6428571428571428
453,182happy,happy,1.2156862745098036
454,183happy,happy,3.4558823529411766
455,184happy,happy,2.1
456,185happy,happy,2.4615384615384612
457,186happy,happy,0.7526442307692309
458,187happy,happy,0.5999999999999999
459,188happy,happy,2.241758241758242
460,189happy,happy,1.1636363636363636
461,190happy,happy,-0.5
462,191happy,happy,1.879120879120879
463,192happy,happy,1.1666666666666665
464,193happy,happy,2.1187499999999995
465,194happy,happy,1.6624999999999999
466,195happy,happy,3.3066502463054186
467,196happy,happy,1.5974025974025974
468,197happy,happy,3.1015384615384614
469,198happy,happy,-0.05555555555555558
470,199happy,happy,2.7
471,200happy,happy,4.6
472,201happy,happy,1.2
473,202happy,happy,0.8472222222222223
474,203happy,happy,0.8405797101449276
475,204happy,happy,4.5
476,205happy,happy,7.4761904761904745
477,206happy,happy,2.4363636363636365
478,207happy,happy,3.666666666666667
479,208happy,happy,1.2857142857142856
480,209happy,happy,3.9552631578947373
481,210happy,happy,4.766666666666666
482,211happy,happy,0.4894179894179893
483,212happy,happy,2.3684210526315788
484,213happy,happy,-2.25
485,214happy,happy,1.75
486,215happy,happy,1.412087912087912
487,216happy,happy,-1.0216450216450215
488,217happy,happy,1.3939393939393938
489,218happy,happy,-1.1683599419448476
490,219happy,happy,3.847222222222222
491,220happy,happy,0.2276923076923077
492,221happy,happy,-2.333333333333333
493,222happy,happy,2.142857142857143
494,223happy,happy,-3.5
495,224happy,happy,0.7452380952380954
496,225happy,happy,2.6071428571428568
497,226happy,happy,-1.0076923076923079
498,227happy,happy,0.8571428571428571
499,228happy,happy,7.5
500,229happy,happy,5.766798418972332
501,230happy,happy,1.2000000000000002
502,231happy,happy,2.7010796221322537
503,232happy,happy,2.357142857142857
504,233happy,happy,1.533596837944664
505,234happy,happy,10.366666666666667
506,235happy,happy,0.4250886524822695
507,236happy,happy,1.7272727272727275
508,237happy,happy,0.6459016393442624
509,238happy,happy,2.0210449927431062
510,239happy,happy,0.9636363636363635
511,240happy,happy,3.4305555555555554
512,241happy,happy,-2.0
513,242happy,happy,-0.2863089731729879
514,243happy,happy,1.7898989898989903
515,244happy,happy,2.7795566502463056
516,245happy,happy,6.550000000000001
517,246happy,happy,0.8571428571428571
518,247happy,happy,3.9
519,248happy,happy,3.0500000000000003
520,249happy,happy,2.25
521,250happy,happy,-0.48823529411764693
522,251happy,happy,4.958333333333333
523,252happy,happy,-1.7714285714285714
524,253happy,happy,1.89010989010989
525,254happy,happy,-0.06306306306306309
526,255happy,happy,0.666666666666667
527,256happy,happy,1.5825825825825826
528,257happy,happy,0.6095238095238094
529,258happy,happy,1.5
530,259happy,happy,0.27472527472527464
531,260happy,happy,2.333333333333333
532,261happy,happy,3.2923976608187133
533,262happy,happy,2.571428571428571
534,263happy,happy,0.08333333333333348
535,264happy,happy,-0.3095238095238094
536,265happy,happy,4.225274725274725
537,266happy,happy,0.7532467532467532
538,267happy,happy,3.0
539,268happy,happy,0.29166666666666663
540,269happy,happy,3.4777777777777774
541,270happy,happy,1.4682539682539684
542,271happy,happy,0.8444444444444443
543,272happy,happy,2.0
544,273happy,happy,0.2662337662337661
545,274happy,happy,1.6333333333333333
546,275happy,happy,-0.2548387096774192
