,id,type,rating,weightedAfinnScore
0,0,sad,-1.0,-2.0
1,1,sad,-2.0,-1.350877192982456
2,2,sad,-1.0,0.03809523809523829
3,3,sad,-1.0,-1.3928571428571428
4,4,sad,-2.0,-1.6666666666666665
5,5,sad,-1.0,-0.606060606060606
6,6,sad,0.0,6.199999999999999
7,7,sad,-1.0,8.333333333333332
8,9,sad,-3.0,-2.2222222222222223
9,10,sad,-2.0,-5.961904761904762
10,11,sad,-1.0,-4.217948717948717
11,12,sad,-2.0,-2.5
12,13,sad,-1.0,-1.6666666666666667
13,14,sad,-2.0,0.5
14,15,sad,-2.0,-2.3333333333333335
15,16,sad,-3.0,0.9005847953216376
16,17,sad,-3.0,-3.1794871794871793
17,18,sad,0.0,-0.6209150326797386
18,19,sad,-3.0,-1.0
19,20,sad,-1.0,1.5333333333333332
20,21,sad,-2.0,-3.046783625730994
21,22,sad,-3.0,-13.083333333333332
22,23,sad,-3.0,-3.6333333333333337
23,24,sad,-2.0,-1.8589743589743588
24,25,sad,-2.0,-0.08169934640522891
25,26,sad,-2.0,-0.7190476190476187
26,27,sad,-3.0,-1.923076923076923
27,28,sad,-2.0,3.460784313725491
28,29,sad,-1.0,-0.981818181818182
29,30,sad,-2.0,-0.8257575757575755
30,31,sad,-2.0,-0.304812834224599
31,32,sad,-2.0,0.8538011695906433
32,33,sad,-2.0,-2.0757575757575757
33,34,sad,-1.0,-0.7818181818181816
34,35,sad,-2.0,1.9318181818181817
35,36,sad,-3.0,-1.7272727272727273
36,37,sad,-3.0,0.0
37,38,sad,-2.0,-4.399209486166008
38,39,sad,-2.0,-3.428571428571429
39,40,sad,-2.0,2.9239766081871346
40,41,sad,-2.0,-2.5274725274725274
41,42,sad,-2.0,-1.0294117647058822
42,43,sad,-2.0,-0.9030197444831589
43,44,sad,-2.0,-3.265151515151515
44,45,sad,-1.0,2.75
45,46,sad,-3.0,1.2763157894736843
46,48,sad,-3.0,-0.12916666666666643
47,49,sad,-1.0,0.911111111111111
48,50,sad,-2.0,-1.975
49,51,sad,-2.0,-3.6095238095238096
50,52,sad,-3.0,-5.583333333333333
51,53,sad,-2.0,-0.5378787878787882
52,54,sad,-1.0,-1.4166666666666665
53,55,sad,-1.0,1.9523809523809519
54,56,sad,-3.0,-0.9497369959088254
55,57,sad,-2.0,-2.323529411764706
56,58,sad,-1.0,1.9257246376811596
57,59,sad,-1.0,7.666666666666666
58,60,sad,-2.0,-0.35238095238095246
59,61,sad,-3.0,-5.828571428571428
60,62,sad,-1.0,-1.1388888888888893
61,63,sad,-3.0,-3.1904761904761907
62,64,sad,-3.0,-6.571052631578947
63,65,sad,-1.0,-7.619047619047619
64,66,sad,-2.0,-0.24444444444444446
65,67,sad,-2.0,0.12083333333333335
66,68,sad,-2.0,1.5238095238095235
67,69,sad,-1.0,1.7197802197802199
68,70,sad,-2.0,-5.0
69,71,sad,-1.0,0.4285714285714286
70,72,sad,-3.0,0.039473684210526216
71,73,sad,-1.0,-6.857142857142858
72,74,sad,-1.0,-4.6838235294117645
73,75,sad,-1.0,1.3170289855072466
74,77,sad,-2.0,-4.4
75,78,sad,-1.0,-3.3333333333333335
76,79,sad,-1.0,-0.19841269841269848
77,80,sad,-1.0,-0.22222222222222232
78,81,sad,-1.0,-2.833333333333333
79,82,sad,-2.0,-2.379084967320261
80,83,sad,-2.0,-3.325757575757576
81,84,sad,-1.0,-2.977777777777778
82,85,sad,-1.0,4.933333333333334
83,86,sad,-1.0,-0.7222222222222219
84,87,sad,-1.0,-6.0
85,88,sad,-2.0,-2.4984615384615383
86,89,sad,0.0,0.6666666666666666
87,90,sad,,-1.1388888888888886
88,91,sad,,-2.698529411764706
89,92,sad,,-1.2822299651567945
90,93,sad,,0.07816632383191296
91,94,sad,,-1.3
92,95,sad,,-1.6633064516129035
93,96,sad,,1.5630769230769228
94,97,sad,,1.4052287581699343
95,98,sad,,-0.8030303030303031
96,99,sad,,-0.2666666666666667
97,100,sad,,1.3222222222222222
98,102,sad,,0.6444444444444445
99,103,sad,,-0.2666666666666666
100,104,sad,,-2.12280701754386
101,105,sad,,0.5
102,106,sad,,1.0
103,107,sad,,-1.497076023391813
104,108,sad,,-1.8928571428571428
105,109,sad,,-22.0
106,110,sad,,-3.1000000000000005
107,111,sad,,-2.384615384615384
108,112,sad,,-0.09420289855072461
109,113,sad,,0.08266129032258074
110,114,sad,,-1.8699999999999999
111,115,sad,,-4.0
112,116,sad,,-31.5
113,117,sad,,4.618181818181817
114,118,sad,,0.6071428571428571
115,119,sad,,3.0
116,120,sad,,-0.711111111111111
117,121,sad,,-1.1661538461538463
118,122,sad,,2.75
119,123,sad,,-0.7904761904761906
120,124,sad,,0.5238095238095238
121,125,sad,,-0.032967032967033294
122,126,sad,,-0.7999999999999998
123,127,sad,,-0.013071895424836777
124,128,sad,,-0.600026656004265
125,129,sad,,0.22288868238010756
126,130,sad,,-2.3630769230769233
127,131,sad,,0.49737219302436686
128,132,sad,,0.0
129,133,sad,,-2.008912655971479
130,134,sad,,0.033333333333333326
131,135,sad,,-3.0256410256410255
132,136,sad,,-11.0
133,137,sad,,1.523809523809524
134,138,sad,,-0.5849673202614378
135,139,sad,-1.0,-2.316923076923077
136,140,sad,-2.0,-1.236363636363636
137,141,sad,-1.0,-4.666666666666668
138,142,sad,-1.0,-2.571428571428571
139,143,sad,-1.0,-7.19047619047619
140,144,sad,-1.0,1.9871794871794868
141,145,sad,-1.0,-3.0879120879120876
142,146,sad,-2.0,-0.1600985221674877
143,147,sad,-2.0,1.0
144,148,sad,0.0,-3.8571428571428568
145,149,sad,0.0,0.9454545454545455
146,150,sad,-2.0,-0.41114982578397186
147,151,sad,-2.0,1.4065934065934067
148,152,sad,-2.0,-0.09956709956709953
149,153,sad,-2.0,-2.9971509971509973
150,154,sad,0.0,0.0
151,155,sad,-1.0,-1.357142857142857
152,156,sad,-2.0,1.7999999999999998
153,157,sad,-2.0,-0.8602941176470589
154,158,sad,-1.0,-2.333333333333333
155,159,sad,-1.0,-3.75
156,160,sad,-2.0,1.0333333333333337
157,161,sad,-2.0,-1.3589743589743588
158,162,sad,0.0,0.0
159,163,sad,-1.0,-2.606530612244898
160,164,sad,-2.0,-1.5681818181818183
161,165,sad,-1.0,-1.6333333333333333
162,166,sad,-2.0,-5.598006644518272
163,167,sad,-1.0,2.9333333333333336
164,168,sad,-2.0,-0.2637362637362636
165,169,sad,-3.0,-3.4912280701754383
166,170,sad,-1.0,-4.0
167,172,sad,-2.0,1.25
168,173,sad,-2.0,-1.219607843137255
169,174,sad,-2.0,-3.6052631578947363
170,175,sad,-2.0,-0.8296703296703296
171,176,sad,-1.0,-6.972222222222221
172,177,sad,-2.0,-2.018181818181818
173,178,sad,-1.0,-12.666666666666668
174,179,sad,-1.0,3.6944444444444446
175,180,sad,-3.0,-2.238095238095238
176,181,sad,-2.0,-3.333333333333334
177,182,sad,-1.0,0.26915584415584415
178,183,sad,-2.0,-2.078629032258064
179,184,sad,-1.0,-0.8727272727272728
180,185,sad,-2.0,-5.490909090909091
181,186,sad,-2.0,-0.3333333333333333
182,187,sad,-2.0,0.9640151515151515
183,188,sad,-2.0,-3.0583333333333336
184,189,sad,-2.0,-2.3717948717948723
185,190,sad,-2.0,-1.4743083003952568
186,191,sad,-1.0,-4.83399209486166
187,192,sad,-1.0,-0.3131578947368421
188,193,sad,-2.0,-0.20609579100145137
189,194,sad,-1.0,-1.0
190,195,sad,-2.0,0.42210144927536275
191,196,sad,-2.0,1.8611111111111114
192,197,sad,-2.0,-0.4444444444444444
193,198,sad,-2.0,-2.361538461538462
194,199,sad,-2.0,-0.6200000000000001
195,200,sad,-2.0,4.428571428571428
196,201,sad,-1.0,-5.571428571428571
197,202,sad,-2.0,-1.5666666666666669
198,203,sad,-2.0,-1.8419913419913416
199,204,sad,-1.0,-0.6999999999999998
200,205,sad,-2.0,4.890909090909091
201,206,sad,-2.0,-0.7314949201741654
202,207,sad,-2.0,4.333333333333333
203,208,sad,0.0,1.142857142857143
204,209,sad,-1.0,-2.6868421052631577
205,210,sad,-2.0,-14.0
206,211,sad,-2.0,-1.3717684740334017
207,212,sad,-1.0,-0.6425576519916143
208,213,sad,,-0.22527472527472514
209,214,sad,-2.0,-1.495238095238095
210,215,sad,-1.0,-2.2777777777777777
211,216,sad,-3.0,-0.8888888888888888
212,217,sad,-2.0,0.5999999999999999
213,218,sad,-2.0,-2.342857142857143
214,219,sad,-2.0,-2.670715249662618
215,220,sad,-2.0,-3.0905797101449273
216,221,sad,-1.0,-1.04093567251462
217,222,sad,-2.0,-1.822222222222222
218,223,sad,-1.0,1.9523809523809526
219,224,sad,-1.0,-0.9333333333333333
220,225,sad,-1.0,2.25
221,226,sad,-1.0,3.3333333333333335
222,227,sad,-1.0,1.7348484848484846
223,228,sad,-3.0,-0.9519056261343012
224,229,sad,-1.0,-0.09523809523809534
225,230,sad,-1.0,0.875
226,231,sad,-1.0,1.4501424501424505
227,232,sad,-1.0,4.722222222222222
228,233,sad,-1.0,-0.37362637362637346
229,234,sad,-1.0,0.22527472527472558
230,235,sad,-1.0,-5.106060606060606
231,236,sad,-2.0,0.07692307692307693
232,237,sad,-2.0,-1.568710359408034
233,238,sad,-2.0,-9.833333333333332
234,239,sad,0.0,3.1333333333333337
235,240,sad,-2.0,-2.1546546546546543
236,241,sad,-2.0,0.19999999999999996
237,242,sad,-3.0,-0.6363636363636362
238,243,sad,-2.0,-3.3900000000000006
239,244,sad,-2.0,-4.7747252747252755
240,245,sad,-1.0,-1.6095238095238096
241,246,sad,-1.0,0.0
242,247,sad,0.0,-2.1714285714285717
243,248,sad,-3.0,-0.08928571428571441
244,249,sad,-2.0,0.8956043956043958
245,250,sad,-3.0,-3.1111111111111107
246,251,sad,-1.0,2.8073593073593077
247,252,sad,-1.0,3.947368421052631
248,253,sad,-2.0,-3.6340579710144922
249,254,sad,-1.0,-2.2991452991452994
250,255,sad,-1.0,-3.805555555555556
251,256,sad,-3.0,-1.9485294117647058
252,257,sad,0.0,0.1071428571428572
253,258,sad,-1.0,-0.9222222222222222
254,259,sad,-2.0,-1.6666666666666665
255,260,sad,-2.0,0.377777777777778
256,261,sad,-2.0,1.4363636363636365
257,262,sad,-2.0,-1.7266009852216748
258,263,sad,-2.0,-3.298701298701298
259,264,sad,-2.0,-0.1333333333333333
260,265,sad,-1.0,-10.0
261,266,sad,-2.0,0.43102040816326537
262,267,sad,-3.0,0.14285714285714285
263,268,sad,-2.0,-1.388888888888889
264,269,sad,-2.0,1.4183006535947715
265,270,sad,-2.0,-3.7142857142857144
266,271,sad,-2.0,1.711111111111111
267,272,sad,-1.0,0.9636363636363638
268,273,sad,0.0,6.966666666666667
269,274,sad,-2.0,-5.857142857142856
270,275,sad,-1.0,-4.457516339869281
